{"cameraMode":{"drawMode":0,"name":"Shaded","section":"Shading Mode"},"sceneLighting":false,"audioPlay":false,"sceneViewState":{"showFog":true,"showMaterialUpdate":false,"showSkybox":false,"showFlares":true,"showImageEffects":true,"showParticleSystems":true,"showVisualEffectGraphs":true,"m_FxEnabled":true},"in2DMode":false,"pivot":{"x":12.878755569458008,"y":1.7273060083389283,"z":-0.5342516899108887},"rotation":{"x":-0.00766109861433506,"y":0.6837924718856812,"z":0.0071800570003688339,"w":0.7295995354652405},"size":1.9024322032928467,"orthographic":false}