{"cameraMode":{"drawMode":0,"name":"Shaded","section":"Shading Mode"},"sceneLighting":false,"audioPlay":false,"sceneViewState":{"showFog":true,"showMaterialUpdate":false,"showSkybox":false,"showFlares":true,"showImageEffects":true,"showParticleSystems":true,"showVisualEffectGraphs":true,"m_FxEnabled":true},"in2DMode":false,"pivot":{"x":0.9075590372085571,"y":0.5679056644439697,"z":-0.7710418701171875},"rotation":{"x":-0.10204488784074784,"y":0.04087066277861595,"z":-0.004196141846477985,"w":-0.9939295649528503},"size":9.793670654296875,"orthographic":true}