{"cameraMode":{"drawMode":0,"name":"Shaded","section":"Shading Mode"},"sceneLighting":false,"audioPlay":false,"sceneViewState":{"showFog":true,"showMaterialUpdate":false,"showSkybox":false,"showFlares":true,"showImageEffects":true,"showParticleSystems":true,"showVisualEffectGraphs":true,"m_FxEnabled":true},"in2DMode":false,"pivot":{"x":-6.324365139007568,"y":0.3783884048461914,"z":1.1296958923339844},"rotation":{"x":0.006137234158813953,"y":0.9673001766204834,"z":-0.25247007608413699,"w":0.023510685190558435},"size":16.958812713623048,"orthographic":false}