{"cameraMode":{"drawMode":0,"name":"Shaded","section":"Shading Mode"},"sceneLighting":false,"audioPlay":false,"sceneViewState":{"showFog":true,"showMaterialUpdate":false,"showSkybox":false,"showFlares":true,"showImageEffects":true,"showParticleSystems":true,"showVisualEffectGraphs":true,"m_FxEnabled":true},"in2DMode":false,"pivot":{"x":-1.016963243484497,"y":0.6135444641113281,"z":0.020531147718429567},"rotation":{"x":0.6321391463279724,"y":0.2384069412946701,"z":-0.21356944739818574,"w":0.7056558728218079},"size":1.4144847393035889,"orthographic":false}