{"cameraMode":{"drawMode":0,"name":"Shaded","section":"Shading Mode"},"sceneLighting":false,"audioPlay":false,"sceneViewState":{"showFog":true,"showMaterialUpdate":false,"showSkybox":false,"showFlares":true,"showImageEffects":true,"showParticleSystems":true,"showVisualEffectGraphs":true,"m_FxEnabled":true},"in2DMode":false,"pivot":{"x":0.5583293437957764,"y":0.26516807079315188,"z":0.12201142311096192},"rotation":{"x":-0.050949033349752429,"y":0.9475772976875305,"z":-0.2485276609659195,"w":-0.19425664842128755},"size":1.0451455116271973,"orthographic":false}