{"cameraMode":{"drawMode":0,"name":"Shaded","section":"Shading Mode"},"sceneLighting":false,"audioPlay":false,"sceneViewState":{"showFog":true,"showMaterialUpdate":false,"showSkybox":false,"showFlares":true,"showImageEffects":true,"showParticleSystems":true,"showVisualEffectGraphs":true,"m_FxEnabled":true},"in2DMode":false,"pivot":{"x":-2.0821001529693605,"y":-0.05193813517689705,"z":0.5026012659072876},"rotation":{"x":-0.023417076095938684,"y":0.8529638648033142,"z":0.03840922936797142,"w":0.5200273394584656},"size":1.3879984617233277,"orthographic":true}