{"cameraMode":{"drawMode":0,"name":"Shaded","section":"Shading Mode"},"sceneLighting":true,"audioPlay":false,"sceneViewState":{"showFog":true,"showMaterialUpdate":false,"showSkybox":true,"showFlares":true,"showImageEffects":true,"showParticleSystems":true,"showVisualEffectGraphs":true,"m_FxEnabled":true},"in2DMode":false,"pivot":{"x":1.4145445823669434,"y":-27.063926696777345,"z":33.17194747924805},"rotation":{"x":-0.394838809967041,"y":0.0008365443209186196,"z":-0.00035141524858772755,"w":-0.9187324047088623},"size":33.049041748046878,"orthographic":false}