{"cameraMode":{"drawMode":0,"name":"Shaded","section":"Shading Mode"},"sceneLighting":false,"audioPlay":false,"sceneViewState":{"showFog":true,"showMaterialUpdate":false,"showSkybox":false,"showFlares":true,"showImageEffects":true,"showParticleSystems":true,"showVisualEffectGraphs":true,"m_FxEnabled":true},"in2DMode":false,"pivot":{"x":-0.11380434036254883,"y":-0.07507294416427612,"z":-0.1343514323234558},"rotation":{"x":0.03661448508501053,"y":-0.8521692752838135,"z":0.06017756089568138,"w":0.5185009837150574},"size":0.7524477243423462,"orthographic":false}