{"cameraMode":{"drawMode":0,"name":"Shaded","section":"Shading Mode"},"sceneLighting":false,"audioPlay":false,"sceneViewState":{"showFog":true,"showMaterialUpdate":false,"showSkybox":false,"showFlares":true,"showImageEffects":true,"showParticleSystems":true,"showVisualEffectGraphs":true,"m_FxEnabled":true},"in2DMode":false,"pivot":{"x":4.314587593078613,"y":0.05899897962808609,"z":1.8240025043487549},"rotation":{"x":0.005092783831059933,"y":0.8244534134864807,"z":0.00742028234526515,"w":-0.5658557415008545},"size":0.9848166704177856,"orthographic":true}