{"cameraMode":{"drawMode":0,"name":"Shaded","section":"Shading Mode"},"sceneLighting":false,"audioPlay":false,"sceneViewState":{"showFog":true,"showMaterialUpdate":false,"showSkybox":false,"showFlares":true,"showImageEffects":true,"showParticleSystems":true,"showVisualEffectGraphs":true,"m_FxEnabled":true},"in2DMode":false,"pivot":{"x":16.895774841308595,"y":10.582132339477539,"z":0.09562110900878906},"rotation":{"x":0.046781666576862338,"y":0.019788971170783044,"z":-0.0008550308411940932,"w":0.9986581206321716},"size":0.6532431244850159,"orthographic":false}