{"cameraMode":{"drawMode":0,"name":"Shaded","section":"Shading Mode"},"sceneLighting":false,"audioPlay":false,"sceneViewState":{"showFog":true,"showMaterialUpdate":false,"showSkybox":false,"showFlares":true,"showImageEffects":true,"showParticleSystems":true,"showVisualEffectGraphs":true,"m_FxEnabled":true},"in2DMode":false,"pivot":{"x":0.8047629594802856,"y":-8.715585708618164,"z":2.623380661010742},"rotation":{"x":0.3657059371471405,"y":-0.005584332160651684,"z":0.0021942341700196268,"w":0.930711030960083},"size":12.397989273071289,"orthographic":false}