{"cameraMode":{"drawMode":0,"name":"Shaded","section":"Shading Mode"},"sceneLighting":false,"audioPlay":false,"sceneViewState":{"showFog":true,"showMaterialUpdate":false,"showSkybox":false,"showFlares":true,"showImageEffects":true,"showParticleSystems":true,"showVisualEffectGraphs":true,"m_FxEnabled":true},"in2DMode":false,"pivot":{"x":2.167213201522827,"y":-0.6649802923202515,"z":0.008068114519119263},"rotation":{"x":0.13077443838119508,"y":0.6779603362083435,"z":-0.12441945821046829,"w":0.712591290473938},"size":1.7219748497009278,"orthographic":false}