{"cameraMode":{"drawMode":0,"name":"Shaded","section":"Shading Mode"},"sceneLighting":false,"audioPlay":false,"sceneViewState":{"showFog":true,"showMaterialUpdate":false,"showSkybox":false,"showFlares":true,"showImageEffects":true,"showParticleSystems":true,"showVisualEffectGraphs":true,"m_FxEnabled":true},"in2DMode":false,"pivot":{"x":0.767832338809967,"y":0.10261480510234833,"z":0.44401735067367556},"rotation":{"x":0.02176174335181713,"y":0.5916029810905457,"z":-0.01597682759165764,"w":0.8057804107666016},"size":1.6852917671203614,"orthographic":false}