{"cameraMode":{"drawMode":0,"name":"Shaded","section":"Shading Mode"},"sceneLighting":false,"audioPlay":false,"sceneViewState":{"showFog":true,"showMaterialUpdate":false,"showSkybox":false,"showFlares":true,"showImageEffects":true,"showParticleSystems":true,"showVisualEffectGraphs":true,"m_FxEnabled":true},"in2DMode":false,"pivot":{"x":1.2117276191711426,"y":0.5324563980102539,"z":5.117293834686279},"rotation":{"x":0.21633578836917878,"y":0.6945324540138245,"z":-0.23278619349002839,"w":0.6454650163650513},"size":0.36583781242370608,"orthographic":false}