{"cameraMode":{"drawMode":0,"name":"Shaded","section":"Shading Mode"},"sceneLighting":false,"audioPlay":false,"sceneViewState":{"showFog":true,"showMaterialUpdate":false,"showSkybox":false,"showFlares":true,"showImageEffects":true,"showParticleSystems":true,"showVisualEffectGraphs":true,"m_FxEnabled":true},"in2DMode":false,"pivot":{"x":5.384393215179443,"y":5.203550815582275,"z":3.8920860290527345},"rotation":{"x":0.026995521038770677,"y":-0.008995665237307549,"z":0.00024335180933121592,"w":0.9995896816253662},"size":7.975831508636475,"orthographic":false}