{"cameraMode":{"drawMode":0,"name":"Shaded","section":"Shading Mode"},"sceneLighting":false,"audioPlay":false,"sceneViewState":{"showFog":true,"showMaterialUpdate":false,"showSkybox":false,"showFlares":true,"showImageEffects":true,"showParticleSystems":true,"showVisualEffectGraphs":true,"m_FxEnabled":true},"in2DMode":false,"pivot":{"x":-0.5906929969787598,"y":2.9383692741394045,"z":15.726656913757325},"rotation":{"x":0.08649158477783203,"y":-0.27082884311676028,"z":0.024440651759505273,"w":0.9584214687347412},"size":6.9541449546813969,"orthographic":false}