{"cameraMode":{"drawMode":0,"name":"Shaded","section":"Shading Mode"},"sceneLighting":false,"audioPlay":false,"sceneViewState":{"showFog":true,"showMaterialUpdate":false,"showSkybox":false,"showFlares":true,"showImageEffects":true,"showParticleSystems":true,"showVisualEffectGraphs":true,"m_FxEnabled":true},"in2DMode":false,"pivot":{"x":17.770000457763673,"y":0.7771615386009216,"z":1.0126209259033204},"rotation":{"x":-0.00766109861433506,"y":0.6837924718856812,"z":0.0071800570003688339,"w":0.7295995354652405},"size":1.3460837602615357,"orthographic":false}