{"cameraMode":{"drawMode":0,"name":"Shaded","section":"Shading Mode"},"sceneLighting":false,"audioPlay":false,"sceneViewState":{"showFog":true,"showMaterialUpdate":false,"showSkybox":false,"showFlares":true,"showImageEffects":true,"showParticleSystems":true,"showVisualEffectGraphs":true,"m_FxEnabled":true},"in2DMode":false,"pivot":{"x":5.9156694412231449,"y":16.24433135986328,"z":-12.795570373535157},"rotation":{"x":-0.06323187798261643,"y":-0.032327957451343539,"z":0.002077236073091626,"w":-0.9974530935287476},"size":6.856448173522949,"orthographic":false}