{"cameraMode":{"drawMode":0,"name":"Shaded","section":"Shading Mode"},"sceneLighting":true,"audioPlay":false,"sceneViewState":{"showFog":true,"showMaterialUpdate":false,"showSkybox":true,"showFlares":true,"showImageEffects":true,"showParticleSystems":true,"showVisualEffectGraphs":true,"m_FxEnabled":true},"in2DMode":false,"pivot":{"x":-45.25107192993164,"y":14.327842712402344,"z":-3.001408576965332},"rotation":{"x":0.04676525294780731,"y":0.03326847776770592,"z":-0.0014833620516583324,"w":0.9982795119285584},"size":10.885702133178711,"orthographic":false}